date,instrument,weight
2022-01-03,cl1s,0.23524792414714935
2022-01-03,rb1s,0.16116552141971324
2022-01-04,cl1s,0.23688376261494626
2022-01-04,rb1s,0.15099513996747382
2022-01-05,cl1s,0.23897248658026377
2022-01-05,rb1s,0.1868724148145909
2022-01-06,cl1s,0.23521149784483078
2022-01-06,rb1s,0.15088775814150865
2022-01-07,cl1s,0.2458811297269472
2022-01-07,rb1s,0.16129588259906696
2022-01-10,cl1s,0.2463119486039706
2022-01-10,rb1s,0.15496579942829625
2022-01-11,cl1s,0.22046074650579267
2022-01-11,rb1s,0.19379340667941225
2022-01-12,cl1s,0.23771677079308107
2022-01-12,rb1s,0.14943738994381556
2022-01-13,cl1s,0.24655735774532225
2022-01-13,ng1s,-0.0
2022-01-13,rb1s,0.1598781424170821
2022-01-14,cl1s,0.2330281952966727
2022-01-14,ng1s,-0.0
2022-01-14,rb1s,-0.0
2022-01-18,cl1s,0.24236301453237405
2022-01-18,ng1s,-0.0
2022-01-18,rb1s,-0.0
2022-01-19,cl1s,0.24780909397504172
2022-01-19,rb1s,0.19659288083789495
2022-01-20,cl1s,0.25
2022-01-20,rb1s,0.18745055532741206
2022-01-21,cl1s,0.25
2022-01-21,rb1s,-0.0
2022-01-24,cl1s,0.25
2022-01-24,rb1s,0.0
2022-01-25,cl1s,0.24301630324904372
2022-01-25,ng1s,-0.0
2022-01-25,rb1s,0.15151244953190185
2022-01-26,cl1s,0.25
2022-01-26,ng1s,-0.0
2022-01-26,rb1s,0.0
2022-01-27,cl1s,0.25
2022-01-27,ng1s,-0.0
2022-01-27,rb1s,0.0
2022-01-28,cl1s,0.25
2022-01-28,ng1s,-0.0
2022-01-28,rb1s,0.1570103926587137
2022-01-31,cl1s,0.25
2022-01-31,ng1s,-0.0
2022-01-31,rb1s,0.1631240826701572
2022-02-01,cl1s,0.25
2022-02-01,ng1s,-0.0
2022-02-01,rb1s,0.0
2022-02-02,cl1s,0.25
2022-02-02,ng1s,-0.0
2022-02-02,rb1s,0.0
2022-02-03,ng1s,-0.0
2022-02-03,rb1s,0.0
2022-02-04,ng1s,-0.0
2022-02-04,rb1s,0.0
2022-02-07,rb1s,0.0
2022-02-08,ng1s,-0.0
2022-02-08,rb1s,-0.0
2022-02-09,ng1s,-0.0
2022-02-09,rb1s,0.17078019588018134
2022-02-10,cl1s,0.24879023362881372
2022-02-10,ng1s,-0.0
2022-02-10,rb1s,0.0
2022-02-11,ng1s,-0.0
2022-02-11,rb1s,0.18867882883819168
2022-02-14,ng1s,-0.0
2022-02-14,rb1s,-0.0
2022-02-15,cl1s,0.23901407930944266
2022-02-15,ng1s,-0.0
2022-02-15,rb1s,0.21568120077265748
2022-02-16,cl1s,0.22478575847574706
2022-02-16,ng1s,-0.0
2022-02-16,rb1s,0.24157739401188805
2022-02-17,cl1s,0.24107683695677917
2022-02-17,ng1s,-0.0
2022-02-17,rb1s,0.17878887900697932
2022-02-18,cl1s,0.24788167609955958
2022-02-18,ng1s,-0.0
2022-02-18,rb1s,0.0
2022-02-22,cl1s,0.23019544242998632
2022-02-22,ng1s,-0.0
2022-02-22,rb1s,0.1951738105225389
2022-02-23,cl1s,0.2431054147030061
2022-02-23,ng1s,-0.0
2022-02-23,rb1s,0.20711065911895674
2022-02-24,cl1s,0.23972058392731407
2022-02-24,ng1s,-0.0
2022-02-24,rb1s,0.23244204324685017
2022-02-25,cl1s,0.2397439264318486
2022-02-25,ng1s,-0.0
2022-02-25,rb1s,0.25
2022-02-28,cl1s,0.0
2022-02-28,ng1s,-0.0
2022-02-28,rb1s,0.22196406460760398
2022-03-01,ng1s,-0.0
2022-03-01,rb1s,0.21507702784069266
2022-03-02,ng1s,-0.0
2022-03-02,rb1s,-0.0
2022-03-03,cl1s,0.15000799814298882
2022-03-03,ng1s,-0.0
2022-03-03,rb1s,-0.0
2022-03-04,ng1s,-0.11280944548410969
2022-03-04,rb1s,-0.0
2022-03-07,ng1s,-0.11637446779110704
2022-03-07,rb1s,-0.0
2022-03-08,ng1s,-0.09775015421280181
2022-03-08,rb1s,-0.0
2022-03-09,ng1s,-0.09654823684284025
2022-03-09,rb1s,-0.0
2022-03-10,ng1s,-0.11392839104971282
2022-03-10,rb1s,-0.0
2022-03-11,ng1s,-0.1093278391388317
2022-03-11,rb1s,-0.0
2022-03-14,cl1s,-0.11872403060589977
2022-03-14,ng1s,-0.11633606952277639
2022-03-14,rb1s,-0.0
2022-03-15,ng1s,-0.12449914623397589
2022-03-15,rb1s,0.0
2022-03-16,ng1s,-0.12632697908099097
2022-03-16,rb1s,0.0
2022-03-17,ng1s,-0.12759568838239846
2022-03-17,rb1s,-0.0
2022-03-18,cl1s,-0.1039086513864329
2022-03-18,rb1s,-0.0
2022-03-21,cl1s,-0.09053391784735362
2022-03-21,rb1s,-0.0
2022-03-22,cl1s,-0.10099437488332505
2022-03-22,rb1s,-0.0
2022-03-23,cl1s,-0.09056975649179123
2022-03-23,rb1s,-0.0
2022-03-24,cl1s,-0.10486043264431517
2022-03-24,rb1s,-0.0
2022-03-25,cl1s,-0.10083562609468981
2022-03-25,rb1s,-0.0
2022-03-28,cl1s,-0.10836108427279656
2022-03-28,rb1s,-0.0
2022-03-29,rb1s,-0.0
2022-03-30,rb1s,-0.0
2022-03-31,rb1s,0.11888282314821205
2022-04-01,rb1s,0.12199756042137802
2022-04-04,rb1s,0.1392947299812345
2022-04-05,rb1s,0.1423430271389988
2022-04-06,rb1s,0.1321288350412745
2022-04-07,rb1s,0.14195869618346876
2022-04-08,rb1s,0.13347903454456336
2022-04-11,rb1s,0.13792574838523244
2022-04-12,rb1s,0.14260230087709552
2022-04-13,cl1s,-0.08843003217211089
2022-04-13,rb1s,0.1543160339671143
2022-04-14,cl1s,-0.09363859914380598
2022-04-14,rb1s,-0.0
2022-04-18,rb1s,-0.10694420975495997
2022-04-19,rb1s,-0.09557837607598128
2022-04-20,rb1s,-0.10549076868473381
2022-04-21,rb1s,-0.1403707782230161
2022-04-22,rb1s,-0.0
2022-04-25,rb1s,0.13702555605673852
2022-04-26,rb1s,-0.0
2022-04-27,cl1s,0.10921944252680806
2022-04-27,rb1s,-0.0
2022-04-28,cl1s,0.09976694447459213
2022-04-28,rb1s,-0.10428551254213712
2022-04-29,cl1s,0.11865532780224052
2022-04-29,rb1s,-0.0
2022-05-02,cl1s,0.11742181820338662
2022-05-02,rb1s,-0.0
2022-05-03,cl1s,0.12084135014536407
2022-05-03,rb1s,-0.0
2022-05-04,cl1s,0.10587148827544657
2022-05-04,ng1s,-0.11779015747478924
2022-05-04,rb1s,-0.0
2022-05-05,cl1s,0.1270594696772179
2022-05-05,ng1s,-0.11855181343282993
2022-05-05,rb1s,-0.0
2022-05-06,cl1s,0.1266604060599621
2022-05-06,ng1s,-0.0
2022-05-06,rb1s,-0.0
2022-05-09,cl1s,0.12801260549909307
2022-05-09,rb1s,-0.0
2022-05-10,cl1s,0.12053612762435902
2022-05-10,rb1s,0.1409125714997145
2022-05-11,cl1s,0.1022601110982653
2022-05-11,rb1s,0.13148992497930975
2022-05-12,cl1s,0.10660632895429029
2022-05-12,rb1s,-0.0
2022-05-13,cl1s,0.0974337380811531
2022-05-13,rb1s,-0.0
2022-05-16,cl1s,0.10934313007090428
2022-05-16,rb1s,-0.1112456690577116
2022-05-17,cl1s,0.1141545492876315
2022-05-17,ng1s,-0.0
2022-05-17,rb1s,-0.0
2022-05-18,cl1s,0.13079784328500677
2022-05-18,ng1s,-0.0
2022-05-18,rb1s,-0.0
2022-05-19,cl1s,0.11438393786803798
2022-05-19,ng1s,-0.0
2022-05-19,rb1s,-0.0
2022-05-20,cl1s,0.12938685927834387
2022-05-20,rb1s,-0.0
2022-05-23,cl1s,0.13709541359720862
2022-05-23,rb1s,-0.0
2022-05-24,cl1s,0.14112661667432583
2022-05-24,rb1s,-0.0
2022-05-25,cl1s,0.14205162837169671
2022-05-25,ng1s,-0.0
2022-05-25,rb1s,0.11458277024341687
2022-05-26,cl1s,0.11994580220971425
2022-05-26,rb1s,0.1169839046953761
2022-05-27,cl1s,0.13476628447612335
2022-05-27,rb1s,-0.0
2022-05-31,cl1s,0.14652970176559452
2022-05-31,ho1s,-0.0
2022-05-31,rb1s,-0.0
2022-06-01,cl1s,0.15043068896811224
2022-06-01,ng1s,-0.0
2022-06-01,rb1s,-0.0
2022-06-02,cl1s,0.14446025303125654
2022-06-02,ho1s,-0.0
2022-06-02,ng1s,-0.0
2022-06-02,rb1s,-0.0
2022-06-03,cl1s,0.15337825889901832
2022-06-03,ng1s,-0.0
2022-06-03,rb1s,-0.1424321283433119
2022-06-06,cl1s,0.15944784675010007
2022-06-06,ng1s,-0.0
2022-06-06,rb1s,-0.0
2022-06-07,cl1s,0.15568873005358608
2022-06-07,ng1s,-0.13314065363587443
2022-06-07,rb1s,-0.0
2022-06-08,cl1s,0.15282235202479075
2022-06-08,ng1s,-0.12899503934050793
2022-06-08,rb1s,-0.0
2022-06-09,cl1s,0.1566630365972181
2022-06-09,rb1s,-0.0
2022-06-10,cl1s,0.16256342443438462
2022-06-10,rb1s,-0.0
2022-06-13,cl1s,0.16001174382265262
2022-06-13,rb1s,0.11997668897037293
2022-06-14,cl1s,0.14872898568021192
2022-06-14,rb1s,0.12293084548257989
2022-06-15,cl1s,0.13742166993296764
2022-06-15,rb1s,0.12752948994088203
